Value,Eligibility
"[[1], [1, 1], [1, 1, 1], [1, 0, 1, 1]]",3.5613361880068055
"[[1], [1, 0], [1, 0, 1], [1, 1, 1, 1]]",-1.527959054118933
"[[1], [1, 1], [1, 0, 0], [1, 1, 1, 0]]",-1.587709472963146
"[[1], [1, 1], [1, 0, 0], [1, 0, 0, 1]]",-1.6555136467441642
"[[0], [1, 0], [1, 0, 1], [1, 0, 0, 1]]",-1.7286231815471385
"[[1], [0, 0], [0, 0, 1], [1, 0, 0, 1]]",-1.8099988485025942
"[[1], [0, 1], [0, 0, 0], [1, 0, 0, 0]]",-1.8999999964855363
"[[0], [0, 0], [0, 0, 1], [1, 0, 0, 0]]",-1.9999999989938975
"[[1], [0, 0], [1, 1, 0], [1, 1, 1, 1]]",4.845690545957281
"[[1], [0, 0], [0, 0, 1], [1, 1, 1, 1]]",-1.6552464868078165
"[[1], [0, 1], [0, 0, 0], [1, 1, 1, 0]]",-1.7289806204745128
"[[1], [0, 1], [0, 0, 0], [1, 0, 0, 1]]",-1.8099999749455051
"[[0], [0, 0], [0, 0, 1], [1, 0, 0, 1]]",-1.8999999999873152
"[[0], [0, 1], [0, 0, 0], [1, 0, 0, 0]]",-1.9999999999977855
"[[1], [1, 1], [1, 1, 1], [0, 1, 1, 1]]",-2.062184376427895
"[[1], [0, 1], [0, 1, 1], [1, 1, 1, 1]]",-2.1808474819618557
"[[1], [0, 1], [1, 0, 0], [1, 1, 1, 1]]",-2.311296723965212
"[[0], [0, 0], [1, 0, 1], [1, 1, 1, 1]]",-2.457999999999982
"[[0], [1, 0], [0, 0, 1], [0, 1, 1, 1]]",-2.6199795686395215
"[[0], [1, 1], [0, 0, 0], [0, 1, 1, 0]]",-2.79999999999999
"[[0], [1, 1], [0, 0, 0], [0, 0, 0, 1]]",-2.9999999999999947
"[[1], [1, 1], [1, 1, 1], [1, 1, 0, 1]]",3.4439868020540936
"[[1], [0, 1], [1, 0, 1], [1, 1, 1, 1]]",-1.5296145151149343
"[[1], [1, 1], [0, 0, 1], [0, 1, 1, 1]]",-1.589713857938939
"[[1], [1, 1], [0, 0, 1], [1, 0, 0, 1]]",-1.6559162070673805
"[[0], [0, 1], [1, 0, 1], [1, 0, 0, 1]]",-1.7288873338961825
"[[1], [0, 0], [1, 0, 0], [1, 0, 0, 1]]",-1.8099996599437806
"[[1], [1, 0], [0, 0, 0], [0, 0, 0, 1]]",-1.8999999993567582
"[[0], [0, 0], [1, 0, 0], [0, 0, 0, 1]]",-1.9999999999092914
"[[1], [1, 0], [1, 1, 1], [1, 1, 0, 1]]",-2.0181689373577596
"[[1], [1, 0], [1, 1, 1], [0, 0, 1, 1]]",-0.8792794181300427
"[[1], [0, 0], [0, 1, 1], [1, 0, 1, 1]]",-1.567243789779699
"[[1], [0, 0], [1, 0, 0], [1, 0, 1, 1]]",-1.7200111722964657
"[[1], [0, 0], [1, 0, 0], [1, 1, 0, 0]]",-2.0127327700738618
"[[1], [1, 0], [0, 0, 0], [0, 1, 0, 0]]",-1.8999836394204326
"[[0], [0, 0], [1, 0, 0], [0, 1, 0, 0]]",-1.999999999999619
"[[1], [1, 0], [1, 1, 1], [1, 1, 1, 1]]",3.725599216834221
"[[1], [1, 1], [1, 0, 1], [1, 0, 1, 1]]",-1.5293551385848114
"[[1], [1, 1], [1, 0, 1], [1, 1, 0, 0]]",-1.5888459563289739
"[[1], [1, 1], [1, 0, 1], [0, 0, 1, 0]]",-1.6534699277066507
"[[1], [0, 1], [0, 0, 1], [1, 0, 1, 0]]",-1.7239889013210477
"[[1], [0, 0], [0, 0, 0], [1, 0, 1, 1]]",-1.809999985391462
"[[1], [0, 0], [0, 0, 0], [1, 1, 0, 0]]",-1.899999999985425
"[[1], [0, 0], [0, 0, 0], [0, 0, 1, 0]]",-1.9999999999967772
"[[0], [1, 1], [1, 1, 1], [1, 1, 1, 1]]",-2.062881994476237
"[[1], [1, 0], [1, 1, 0], [1, 1, 1, 1]]",-2.1809799999954365
"[[1], [1, 0], [0, 0, 1], [1, 1, 1, 1]]",-2.3121999999994594
"[[0], [1, 0], [0, 0, 1], [1, 0, 0, 1]]",-2.799954199127487
"[[0], [1, 1], [0, 0, 0], [1, 0, 0, 0]]",-2.9999999716970547
"[[1], [1, 1], [1, 1, 1], [1, 1, 1, 0]]",-2.062729770153409
"[[1], [1, 1], [0, 0, 0], [1, 1, 1, 0]]",-2.4476364300865576
"[[0], [0, 1], [1, 0, 0], [1, 1, 1, 0]]",-2.619999999999986
"[[0], [0, 1], [1, 0, 0], [1, 0, 0, 1]]",-2.7999923526319823
"[[1], [0, 1], [1, 1, 1], [1, 1, 1, 1]]",3.7174867694850455
"[[1], [1, 1], [0, 1, 1], [0, 1, 1, 1]]",4.251094134781946
"[[0], [0, 1], [1, 1, 1], [0, 1, 1, 1]]",2.762174745202722
"[[1], [0, 0], [1, 1, 0], [0, 1, 1, 1]]",1.310292539110652
"[[1], [0, 0], [0, 0, 1], [0, 1, 1, 1]]",4.077716664434459
"[[1], [0, 1], [1, 1, 1], [1, 0, 1, 1]]",-1.827318978215874
"[[1], [1, 1], [0, 1, 1], [0, 0, 1, 1]]",-1.5613949159903706
"[[1], [1, 0], [0, 0, 1], [0, 1, 1, 1]]",-1.6251166647465338
"[[0], [0, 0], [1, 0, 1], [0, 1, 1, 1]]",-1.649527790244029
"[[0], [0, 0], [1, 0, 1], [1, 0, 0, 1]]",-1.8099391482776894
"[[0], [0, 1], [1, 0, 0], [1, 0, 0, 0]]",-1.8999617417221655
"[[0], [1, 1], [0, 0, 0], [0, 0, 0, 0]]",-1.9999999261962695
"[[1], [1, 1], [1, 1, 1], [1, 1, 0, 0]]",4.135925457054209
"[[1], [0, 1], [1, 0, 1], [1, 1, 1, 0]]",1.405866182503295
"[[1], [0, 0], [1, 0, 0], [1, 1, 1, 1]]",-1.6558973202400928
"[[1], [1, 0], [0, 0, 0], [0, 1, 1, 1]]",-1.7289632151921166
"[[0], [0, 0], [1, 0, 0], [0, 1, 1, 1]]",-1.78036010099069
"[[0], [0, 0], [1, 0, 0], [1, 0, 0, 1]]",-1.899999999965546
"[[0], [1, 0], [0, 0, 0], [0, 0, 0, 1]]",-1.9999999999930154
"[[1], [1, 0], [1, 0, 0], [1, 1, 0, 1]]",-1.6553445469383803
"[[1], [1, 0], [1, 0, 0], [0, 0, 1, 1]]",-1.7286307238020868
"[[1], [1, 0], [1, 0, 0], [0, 1, 0, 0]]",-1.7972717426154514
"[[1], [1, 0], [1, 1, 1], [0, 1, 1, 1]]",2.5189431275862875
"[[1], [0, 0], [0, 1, 1], [1, 1, 1, 1]]",1.5450127250787413
"[[0], [1, 0], [1, 0, 1], [1, 1, 1, 1]]",-1.5902375014549022
"[[0], [0, 0], [0, 0, 1], [1, 1, 1, 0]]",-1.8046355432274037
"[[0], [1, 0], [1, 1, 0], [1, 1, 1, 1]]",-1.7983325876932712
"[[0], [1, 0], [0, 0, 1], [1, 1, 1, 1]]",-3.220279996990244
"[[0], [1, 1], [0, 0, 0], [1, 1, 1, 0]]",-3.526270009072106
"[[0], [1, 1], [0, 0, 0], [1, 0, 0, 1]]",-3.9892006817881933
"[[0], [1, 1], [1, 1, 0], [1, 1, 1, 1]]",4.133484438846421
"[[0], [1, 1], [0, 0, 1], [1, 1, 1, 1]]",-2.2953338603689994
"[[1], [1, 0], [0, 0, 0], [1, 1, 1, 1]]",-2.452148665626603
"[[0], [0, 0], [1, 0, 0], [1, 1, 1, 1]]",-2.6187965283665857
"[[0], [1, 0], [0, 0, 0], [0, 1, 1, 1]]",-2.7993737070993747
"[[0], [1, 0], [0, 0, 0], [1, 0, 0, 1]]",-2.9998731426729073
"[[0], [0, 1], [1, 0, 1], [1, 1, 1, 1]]",-1.5902531084494573
"[[0], [1, 1], [0, 1, 1], [1, 1, 1, 0]]",1.377156109322918
"[[0], [1, 1], [1, 0, 0], [1, 1, 1, 0]]",-1.6558226464903787
"[[0], [1, 1], [1, 0, 0], [1, 0, 0, 1]]",-1.724223072472464
"[[1], [1, 1], [0, 1, 1], [1, 1, 1, 1]]",3.6172879500463972
"[[0], [0, 1], [1, 1, 1], [1, 1, 1, 1]]",4.26061601266286
"[[0], [1, 1], [1, 1, 1], [1, 1, 0, 1]]",3.895478720644664
"[[1], [1, 0], [0, 0, 0], [1, 0, 0, 1]]",-1.8099999880794102
"[[0], [1, 1], [0, 0, 1], [0, 1, 1, 1]]",-1.6535721198334834
"[[1], [1, 1], [1, 0, 0], [1, 1, 1, 1]]",-1.527264988495393
"[[1], [1, 1], [1, 1, 1], [0, 0, 1, 1]]",4.0518802412928006
"[[1], [0, 1], [0, 1, 1], [1, 0, 1, 1]]",0.2694645483542337
"[[1], [0, 1], [0, 1, 1], [1, 1, 0, 0]]",5.38908961636434
"[[1], [0, 1], [1, 0, 0], [1, 1, 0, 0]]",-2.0410267522920638
"[[1], [0, 1], [1, 0, 0], [0, 0, 1, 0]]",-2.213292792566073
"[[0], [0, 0], [1, 0, 1], [0, 0, 1, 0]]",-2.9495479195599037
"[[0], [0, 1], [1, 1, 1], [0, 0, 1, 1]]",-1.666777430454537
"[[1], [0, 0], [1, 1, 0], [0, 0, 1, 1]]",-1.5388792261140773
"[[1], [1, 0], [1, 0, 0], [0, 0, 0, 1]]",-1.857764083895531
"[[1], [0, 0], [0, 0, 0], [1, 0, 0, 1]]",-2.995824182064243
"[[1], [0, 1], [0, 1, 0], [1, 1, 1, 1]]",4.81095609832383
"[[0], [0, 0], [0, 1, 1], [1, 1, 1, 1]]",5.488793533952786
"[[0], [0, 1], [0, 1, 0], [1, 1, 1, 0]]",6.213994893786157
"[[0], [0, 1], [0, 1, 0], [1, 0, 0, 1]]",7.01878674449877
"[[0], [0, 0], [0, 0, 0], [1, 1, 0, 1]]",7.909999999994803
"[[0], [0, 0], [0, 0, 0], [0, 0, 1, 1]]",8.899999999999828
"[[0], [0, 0], [0, 0, 0], [0, 1, 0, 0]]",9.999999999999954
"[[1], [1, 0], [1, 0, 1], [0, 1, 1, 1]]",0.6868364901634427
"[[1], [1, 0], [1, 0, 1], [1, 0, 0, 1]]",-2.1942701913434948
"[[1], [1, 1], [1, 0, 0], [1, 0, 0, 0]]",-2.502244660332212
"[[0], [1, 0], [1, 0, 1], [1, 0, 0, 0]]",-2.7099430389137327
"[[1], [0, 0], [0, 0, 1], [1, 0, 0, 0]]",-2.970713813995613
"[[1], [1, 1], [0, 0, 1], [1, 1, 1, 1]]",-1.5292676422738973
"[[0], [1, 1], [0, 0, 1], [1, 0, 0, 1]]",-1.7204499817227468
"[[0], [1, 1], [0, 0, 1], [0, 0, 0, 1]]",-1.79876302591222
"[[1], [0, 1], [1, 1, 1], [1, 1, 1, 0]]",2.637398836294889
"[[1], [1, 0], [0, 1, 0], [0, 1, 1, 1]]",5.495328169986955
"[[1], [1, 0], [0, 1, 0], [1, 0, 0, 1]]",3.730217405208138
"[[0], [0, 0], [1, 1, 0], [1, 0, 0, 1]]",5.19241040102917
"[[0], [1, 0], [0, 1, 0], [0, 0, 0, 1]]",7.735695120436357
"[[0], [1, 1], [1, 0, 1], [1, 1, 0, 1]]",1.5101580175220306
"[[0], [0, 0], [1, 1, 0], [1, 1, 1, 1]]",5.4397993250131735
"[[0], [1, 0], [1, 0, 0], [1, 1, 0, 1]]",6.217071379604677
"[[1], [0, 0], [0, 0, 0], [1, 1, 0, 1]]",-1.8099998649230573
"[[1], [0, 0], [0, 0, 0], [0, 0, 1, 1]]",-1.8999999998529027
"[[1], [0, 0], [0, 0, 0], [0, 1, 0, 0]]",-1.999999999980056
"[[0], [1, 1], [0, 1, 0], [1, 1, 1, 1]]",-6.702451372162945
"[[1], [1, 1], [1, 0, 0], [0, 1, 1, 1]]",4.838320485060148
"[[0], [1, 0], [1, 0, 1], [0, 1, 1, 1]]",5.491164655009536
"[[0], [0, 0], [0, 0, 1], [1, 1, 1, 1]]",-2.6196154318967584
"[[0], [0, 1], [0, 0, 0], [1, 1, 1, 0]]",-2.7998555297992147
"[[0], [0, 1], [0, 0, 0], [1, 0, 0, 1]]",-2.9999743241761365
"[[0], [1, 0], [0, 1, 1], [1, 1, 1, 1]]",-1.60093639526747
"[[0], [1, 1], [0, 1, 0], [1, 1, 1, 0]]",-1.3784761220563613
"[[0], [1, 1], [0, 1, 0], [1, 0, 0, 1]]",-1.7215735777022203
"[[0], [0, 1], [0, 0, 0], [1, 0, 1, 1]]",-1.7780884710104243
"[[0], [0, 1], [0, 0, 0], [1, 1, 0, 0]]",-1.8925859072157931
"[[0], [0, 1], [0, 0, 0], [0, 0, 1, 0]]",-1.999007173276781
"[[1], [1, 1], [0, 0, 1], [1, 1, 0, 1]]",-2.3120848312006284
"[[0], [0, 1], [1, 0, 1], [1, 1, 0, 1]]",-2.4038456319687045
"[[0], [1, 1], [0, 0, 1], [0, 1, 0, 1]]",-2.099666485889551
"[[1], [1, 0], [0, 0, 0], [0, 1, 0, 1]]",-2.799829667982633
"[[0], [0, 0], [1, 0, 0], [0, 1, 0, 1]]",-2.9999999812916913
"[[0], [1, 0], [1, 0, 1], [1, 1, 1, 0]]",-1.6289448014825894
"[[0], [1, 1], [1, 0, 0], [1, 0, 0, 0]]",-1.7886525568646081
"[[0], [1, 0], [1, 1, 1], [1, 1, 1, 1]]",4.261068925338842
"[[1], [0, 1], [0, 0, 1], [1, 0, 1, 1]]",-1.655282337188532
"[[1], [0, 1], [0, 0, 1], [1, 1, 0, 0]]",-1.7284855833850918
"[[0], [1, 0], [0, 0, 1], [1, 1, 1, 0]]",-2.3850536249386445
"[[1], [1, 1], [1, 1, 1], [0, 1, 1, 0]]",-1.2607644962583042
"[[1], [0, 1], [0, 1, 1], [1, 1, 1, 0]]",-1.5193170652194643
"[[1], [0, 0], [0, 1, 0], [1, 1, 1, 1]]",-1.6649582585663665
"[[1], [0, 1], [0, 0, 0], [1, 0, 1, 1]]",-1.7456673067465933
"[[0], [0, 0], [0, 0, 1], [1, 0, 1, 1]]",-2.0371421513588377
"[[0], [0, 0], [0, 0, 1], [1, 1, 0, 0]]",-1.8990351143658504
"[[0], [0, 0], [0, 0, 1], [0, 0, 1, 0]]",-1.9999999999735094
"[[1], [1, 1], [1, 0, 1], [1, 1, 1, 1]]",-8.99999962271848
"[[1], [0, 0], [0, 1, 1], [1, 1, 0, 1]]",-1.620495904404576
"[[1], [0, 0], [1, 0, 0], [1, 1, 0, 1]]",-2.4219990535067106
"[[1], [1, 1], [1, 0, 0], [1, 0, 1, 1]]",-2.30685486286215
"[[0], [1, 0], [1, 0, 1], [1, 0, 1, 1]]",-2.4223328097166705
"[[1], [0, 0], [0, 0, 1], [1, 0, 1, 1]]",-2.4824933375033025
"[[1], [0, 0], [0, 0, 1], [1, 1, 0, 0]]",-2.7999532391012614
"[[1], [0, 0], [0, 0, 1], [0, 0, 1, 0]]",-2.9999989534652745
"[[1], [1, 1], [0, 0, 0], [0, 1, 1, 1]]",-2.4148685967897747
"[[0], [0, 1], [1, 0, 0], [0, 1, 1, 1]]",-2.12714551402876
"[[1], [1, 1], [1, 0, 1], [0, 0, 1, 1]]",-1.5874440047674683
"[[1], [0, 1], [0, 0, 1], [0, 0, 1, 0]]",-1.780743122531178
"[[1], [1, 0], [1, 1, 1], [1, 0, 1, 0]]",-3.005586999181312
"[[0], [1, 1], [0, 1, 1], [1, 1, 1, 1]]",4.056101619399961
"[[0], [1, 1], [1, 0, 0], [1, 1, 1, 1]]",-2.302282544402845
"[[1], [0, 1], [0, 0, 0], [1, 1, 1, 1]]",-2.4557347862331045
"[[0], [1, 0], [1, 1, 1], [0, 1, 1, 1]]",3.609002137415469
"[[0], [1, 1], [1, 0, 1], [1, 0, 1, 1]]",4.845747744506313
"[[1], [1, 0], [1, 0, 0], [1, 0, 1, 1]]",-2.403690901335371
"[[1], [1, 0], [1, 0, 0], [1, 1, 0, 0]]",-2.6041433500204074
"[[1], [1, 0], [1, 0, 0], [0, 0, 1, 0]]",-2.7933545445053536
"[[1], [0, 0], [0, 0, 0], [1, 0, 1, 0]]",-2.9982676350769277
"[[0], [0, 1], [1, 0, 0], [1, 1, 1, 1]]",-3.1006008250229162
"[[0], [1, 1], [0, 0, 0], [0, 1, 1, 1]]",-3.4162027281177214
"[[1], [1, 0], [1, 1, 0], [1, 1, 0, 1]]",-0.6154484625991873
"[[1], [1, 0], [1, 1, 1], [0, 1, 0, 1]]",-0.9891607033981923
"[[1], [0, 0], [0, 1, 1], [0, 0, 1, 1]]",-0.9550463735984498
"[[1], [0, 0], [0, 1, 1], [0, 1, 0, 0]]",-0.35713224720336456
"[[1], [0, 1], [0, 0, 1], [0, 0, 0, 0]]",-0.30357089408768667
"[[1], [0, 0], [0, 0, 0], [0, 0, 0, 1]]",-1.500248843223892
"[[0], [0, 1], [0, 1, 0], [1, 1, 1, 1]]",-1.615943067536435
"[[0], [1, 1], [0, 0, 0], [1, 1, 0, 1]]",-1.8137320291990735
"[[0], [1, 1], [0, 0, 0], [0, 0, 1, 1]]",-2.7132403717245106
"[[0], [1, 1], [0, 0, 0], [0, 1, 0, 0]]",-2.997046765177543
"[[1], [1, 1], [0, 1, 0], [1, 1, 1, 1]]",-1.5307996818162724
"[[0], [0, 1], [1, 1, 0], [1, 1, 1, 1]]",-1.6299539988518017
"[[0], [0, 1], [0, 0, 1], [1, 1, 1, 1]]",-4.3873237410622625
"[[1], [0, 0], [0, 0, 0], [1, 1, 1, 1]]",-4.994249723040814
"[[1], [1, 1], [1, 0, 1], [1, 1, 0, 1]]",-1.5275793859646984
"[[1], [1, 1], [1, 0, 1], [0, 1, 0, 0]]",-1.617861464360577
"[[0], [1, 1], [0, 1, 1], [1, 1, 0, 1]]",-1.6603130091477352
"[[0], [1, 1], [0, 1, 1], [0, 1, 1, 1]]",1.9711242986936692
"[[0], [1, 1], [1, 0, 0], [0, 1, 1, 1]]",-2.2588519401078475
"[[0], [1, 1], [1, 1, 1], [1, 1, 1, 0]]",-1.5337081615852526
"[[1], [1, 0], [0, 0, 0], [1, 1, 0, 1]]",-1.7324165281035648
"[[0], [0, 0], [1, 0, 0], [1, 1, 0, 1]]",-1.8201264081086208
"[[0], [0, 0], [1, 0, 0], [0, 0, 1, 1]]",-1.8999999143449435
"[[1], [0, 0], [0, 1, 1], [0, 1, 1, 1]]",-0.6708330988589419
"[[1], [0, 1], [0, 1, 0], [0, 1, 1, 0]]",-0.13319306200000006
"[[0], [0, 0], [0, 1, 1], [0, 1, 1, 0]]",-0.15209020000000006
"[[0], [0, 0], [1, 0, 0], [0, 1, 1, 0]]",5.9700337042084595
"[[0], [1, 1], [1, 1, 1], [1, 0, 1, 0]]",1.5946782338513168
"[[0], [0, 1], [1, 1, 1], [1, 0, 0, 1]]",5.210343111077177
"[[0], [0, 0], [1, 0, 1], [1, 1, 0, 1]]",-2.466210258988277
"[[0], [1, 0], [0, 0, 1], [0, 1, 0, 1]]",-2.3550892759818325
"[[1], [0, 0], [1, 1, 1], [1, 1, 1, 1]]",-2.170168708515096
"[[1], [1, 0], [0, 1, 1], [0, 1, 1, 1]]",-1.652753106046916
"[[0], [0, 0], [1, 1, 1], [0, 1, 1, 1]]",-1.4404213831367036
"[[0], [0, 1], [1, 0, 1], [0, 0, 1, 1]]",-2.618740013306104
"[[1], [0, 0], [1, 0, 0], [0, 0, 1, 1]]",-2.7975601086471493
"[[1], [0, 0], [1, 0, 0], [0, 1, 0, 0]]",-2.999923294225331
"[[0], [1, 1], [1, 1, 0], [1, 1, 1, 0]]",1.9007617811690767
"[[1], [0, 1], [0, 1, 0], [1, 1, 1, 0]]",3.016260638349917
"[[1], [0, 1], [0, 1, 0], [1, 0, 0, 1]]",5.103514299233871
"[[0], [0, 0], [0, 1, 1], [1, 0, 0, 1]]",6.469671884581223
"[[1], [1, 1], [1, 1, 1], [1, 0, 0, 1]]",-2.165043844928721
"[[1], [0, 1], [1, 0, 1], [1, 0, 1, 1]]",-2.304461144373709
"[[1], [1, 1], [0, 0, 1], [0, 0, 1, 1]]",-2.4579327803677082
"[[1], [1, 1], [0, 0, 1], [0, 1, 0, 0]]",-2.6199822926283667
"[[0], [0, 1], [1, 0, 1], [0, 1, 0, 0]]",-2.7999807079169794
"[[0], [1, 1], [1, 0, 0], [1, 1, 0, 1]]",-1.4251501062817011
"[[1], [0, 1], [0, 0, 0], [1, 1, 0, 1]]",-1.351760210987039
"[[0], [0, 0], [0, 0, 1], [1, 1, 0, 1]]",-1.423825174784647
"[[0], [0, 0], [0, 0, 1], [0, 0, 1, 1]]",-1.741794694143071
"[[0], [0, 0], [0, 0, 1], [0, 1, 0, 0]]",-1.9890179781820647
"[[0], [1, 1], [1, 1, 1], [0, 1, 1, 1]]",-1.5367769980036001
"[[0], [0, 1], [0, 1, 1], [1, 1, 1, 1]]",-1.614582333362145
"[[0], [1, 1], [0, 0, 1], [1, 1, 0, 1]]",-1.5840674903492207
"[[1], [1, 0], [0, 0, 0], [0, 0, 1, 1]]",-1.80999952764661
"[[0], [1, 0], [1, 1, 1], [1, 1, 1, 0]]",4.843888859640076
"[[1], [0, 0], [0, 1, 1], [1, 1, 1, 0]]",1.5008427060651155
"[[1], [0, 0], [1, 0, 0], [1, 1, 1, 0]]",3.2963149163309384
"[[0], [1, 0], [1, 0, 0], [1, 1, 1, 1]]",-3.8937794827306482
"[[1], [1, 1], [1, 1, 0], [1, 1, 1, 1]]",3.6653645419893226
"[[1], [0, 1], [0, 0, 0], [0, 0, 1, 1]]",-1.421164926839983
"[[1], [0, 1], [1, 1, 0], [0, 1, 1, 1]]",-1.531054488536046
"[[1], [1, 1], [1, 0, 0], [0, 1, 0, 1]]",-0.8637575986433833
"[[0], [1, 0], [1, 0, 1], [0, 1, 0, 1]]",-1.1876071918795872
"[[0], [1, 1], [1, 0, 0], [0, 1, 0, 0]]",-1.404206577034028
"[[1], [1, 1], [0, 1, 1], [1, 0, 0, 1]]",0.3808252783295632
"[[0], [0, 0], [1, 1, 0], [0, 1, 1, 1]]",6.217069708622882
"[[0], [0, 0], [0, 0, 1], [0, 1, 1, 1]]",-1.2287785461922989
"[[1], [1, 1], [1, 1, 0], [1, 1, 1, 0]]",4.256576674096252
"[[0], [1, 1], [1, 0, 1], [1, 0, 1, 0]]",-2.3349889448481482
"[[0], [0, 0], [1, 1, 1], [1, 1, 1, 1]]",-1.5940383462859729
"[[0], [1, 0], [0, 1, 1], [0, 1, 1, 1]]",-1.375089374832101
"[[0], [1, 1], [0, 0, 1], [0, 0, 1, 1]]",-1.7289986263835777
"[[0], [1, 1], [0, 1, 1], [0, 0, 1, 1]]",-1.399410032259863
"[[1], [1, 1], [0, 0, 0], [1, 0, 0, 1]]",-2.610356683426659
"[[0], [1, 0], [1, 1, 1], [1, 0, 1, 1]]",-1.5876168855566206
"[[0], [1, 0], [1, 1, 1], [1, 1, 0, 0]]",-1.7070205420301556
"[[0], [0, 0], [1, 0, 1], [1, 1, 1, 0]]",-1.6643851786295376
"[[0], [1, 0], [0, 0, 1], [0, 1, 1, 0]]",-1.6757214002360632
"[[0], [1, 0], [0, 0, 1], [1, 0, 0, 0]]",-2.499684549010003
"[[1], [1, 1], [0, 0, 0], [1, 1, 0, 1]]",-2.3529577323206867
"[[0], [1, 0], [0, 0, 1], [1, 1, 0, 1]]",-2.4869930136688216
"[[0], [1, 1], [0, 0, 0], [1, 1, 0, 0]]",-2.769752154511042
"[[0], [1, 1], [0, 0, 0], [0, 0, 1, 0]]",-2.998987734897974
"[[1], [1, 1], [1, 1, 0], [1, 0, 0, 1]]",-0.2372275126271216
"[[0], [1, 0], [1, 1, 1], [1, 0, 0, 1]]",5.49420592349084
"[[0], [0, 0], [1, 0, 1], [1, 0, 1, 1]]",-2.182246580286288
"[[0], [0, 1], [1, 0, 0], [1, 0, 1, 0]]",-2.262227367711482
"[[0], [1, 1], [0, 1, 0], [0, 1, 1, 1]]",-1.6350827429616472
"[[0], [1, 0], [0, 0, 0], [1, 1, 0, 1]]",-1.8036634307772264
"[[0], [1, 0], [0, 0, 0], [0, 0, 1, 1]]",-1.8991826615631366
"[[0], [1, 0], [0, 0, 0], [0, 1, 0, 0]]",-1.9999555572778884
"[[1], [0, 1], [1, 1, 1], [0, 1, 1, 1]]",2.2323094758992377
"[[1], [1, 1], [1, 0, 1], [0, 1, 0, 1]]",-1.6896934705780997
"[[1], [0, 1], [0, 0, 1], [1, 1, 0, 1]]",-2.404043086345443
"[[1], [0, 1], [0, 0, 1], [0, 0, 1, 1]]",-2.6098455222595613
"[[1], [0, 1], [0, 0, 1], [0, 1, 0, 0]]",-2.7935941003190026
"[[1], [0, 0], [0, 0, 0], [0, 1, 0, 1]]",-2.997046765177543
"[[0], [0, 1], [1, 0, 1], [0, 1, 1, 1]]",-1.627018645842704
"[[1], [0, 0], [1, 0, 0], [0, 1, 1, 1]]",-1.6832638424476536
"[[0], [0, 0], [1, 1, 1], [1, 0, 0, 1]]",-1.1640320773058006
"[[0], [1, 0], [0, 1, 1], [0, 0, 0, 1]]",-0.970432065139987
"[[1], [0, 1], [0, 0, 1], [1, 1, 1, 0]]",-3.269830488878922
"[[1], [0, 1], [0, 0, 1], [1, 0, 0, 1]]",-4.964181265272781
"[[1], [0, 0], [1, 0, 1], [1, 1, 1, 1]]",-1.568358009960497
"[[1], [1, 0], [0, 0, 1], [1, 0, 0, 1]]",-1.7393585866329417
"[[1], [1, 1], [0, 0, 0], [1, 0, 0, 0]]",-1.9256573522935339
"[[1], [1, 1], [1, 1, 1], [0, 1, 0, 0]]",4.681593207696142
"[[1], [0, 0], [0, 1, 0], [1, 1, 0, 1]]",3.546825097121439
"[[1], [0, 0], [0, 1, 0], [0, 0, 1, 1]]",4.814881506192235
"[[0], [1, 1], [0, 0, 1], [1, 0, 1, 1]]",-1.6204147188555391
"[[1], [1, 0], [0, 0, 0], [1, 0, 1, 1]]",-1.6240595779689107
"[[0], [0, 0], [1, 0, 0], [1, 0, 1, 1]]",-1.462770999129711
"[[0], [1, 0], [1, 1, 1], [0, 0, 1, 1]]",-1.132271948387016
"[[0], [1, 0], [1, 1, 1], [0, 1, 0, 0]]",-0.604749534769756
"[[0], [0, 0], [0, 1, 1], [1, 1, 0, 0]]",-1.2850198634194152
"[[0], [0, 1], [0, 0, 1], [1, 0, 0, 0]]",-1.0516534522431074
"[[0], [0, 0], [0, 0, 0], [1, 0, 0, 1]]",-1.7060456864061824
"[[1], [1, 0], [0, 1, 1], [1, 1, 1, 1]]",-1.6904777484115685
"[[0], [0, 1], [1, 1, 0], [1, 1, 1, 0]]",-1.6512749002020666
"[[0], [1, 1], [0, 1, 0], [0, 1, 1, 0]]",-1.0872884990632157
"[[0], [1, 1], [0, 1, 0], [1, 0, 0, 0]]",-1.2206079008866175
"[[0], [0, 1], [0, 0, 0], [1, 0, 1, 0]]",-2.784630603692444
"[[0], [1, 0], [1, 1, 1], [1, 1, 0, 1]]",-1.7665197193502833
"[[0], [0, 0], [0, 1, 1], [1, 0, 1, 1]]",-0.6894367358989875
"[[1], [0, 0], [0, 0, 0], [1, 0, 0, 0]]",-1.59677048889737
"[[1], [1, 1], [0, 0, 1], [1, 1, 1, 0]]",-0.22588636601936182
"[[0], [0, 1], [1, 0, 1], [1, 1, 1, 0]]",1.0578468430694559
"[[1], [1, 0], [1, 1, 1], [0, 1, 1, 0]]",0.7803882353598869
"[[1], [1, 0], [1, 1, 1], [0, 0, 0, 1]]",1.8873044112304185
"[[1], [0, 0], [0, 1, 1], [1, 0, 0, 1]]",3.984694624153882
"[[1], [0, 1], [0, 1, 0], [1, 0, 0, 0]]",5.310558089592587
"[[1], [1, 0], [1, 0, 0], [1, 1, 1, 1]]",-6.99773252617146
"[[1], [1, 1], [0, 1, 1], [1, 0, 1, 1]]",-1.7288006717082842
"[[1], [1, 1], [0, 1, 0], [1, 0, 1, 1]]",1.6594540176708052
"[[1], [0, 0], [0, 0, 1], [1, 1, 1, 0]]",-1.6679327885478559
"[[0], [0, 1], [0, 0, 0], [1, 1, 1, 1]]",-2.7960078848
"[[1], [0, 1], [1, 1, 1], [0, 1, 0, 1]]",-3.1906309120000005
"[[0], [1, 1], [1, 0, 1], [1, 1, 1, 1]]",-6.399982999600714
"[[1], [0, 1], [0, 0, 1], [1, 1, 1, 1]]",-6.99999463813944
"[[0], [1, 1], [1, 1, 0], [1, 0, 0, 1]]",4.249245611202848
"[[0], [0, 1], [0, 1, 0], [1, 0, 0, 0]]",7.817259063990535
"[[0], [0, 0], [0, 0, 0], [1, 1, 0, 0]]",8.899999999998963
"[[0], [0, 0], [0, 0, 0], [0, 0, 1, 0]]",9.999999999999726
"[[0], [0, 1], [1, 0, 0], [1, 0, 1, 1]]",-2.338331147332569
"[[1], [0, 1], [1, 0, 0], [1, 1, 1, 0]]",-1.6458407665994292
"[[0], [1, 1], [1, 0, 1], [0, 0, 1, 1]]",2.979105166514871
"[[0], [1, 0], [1, 0, 1], [1, 1, 0, 0]]",-2.6199361944140875
"[[1], [0, 0], [1, 1, 1], [1, 0, 1, 1]]",1.3923338209419158
"[[1], [0, 1], [1, 1, 0], [1, 1, 1, 1]]",-1.792474473744428
"[[0], [1, 1], [0, 0, 1], [0, 1, 0, 0]]",-1.6869735249581022
"[[0], [1, 0], [0, 0, 0], [0, 1, 0, 1]]",-2.31369622635117
"[[0], [1, 1], [0, 1, 1], [0, 0, 0, 1]]",-0.29156988383745286
"[[0], [0, 1], [0, 0, 1], [0, 0, 1, 1]]",-0.9540094181850055
"[[1], [0, 1], [0, 1, 1], [1, 0, 1, 0]]",5.442212597561183
"[[1], [0, 0], [0, 1, 0], [1, 0, 1, 1]]",6.186994150367941
"[[1], [0, 0], [0, 1, 0], [1, 1, 0, 0]]",7.003050931269331
"[[1], [0, 0], [0, 1, 0], [0, 0, 1, 0]]",7.905183477785955
"[[1], [1, 0], [0, 0, 0], [0, 0, 0, 0]]",8.899978987152435
"[[0], [0, 0], [1, 0, 0], [0, 0, 0, 0]]",9.999990350012599
"[[1], [0, 1], [1, 0, 1], [0, 1, 1, 0]]",-1.6403560920504856
"[[1], [0, 1], [1, 0, 1], [1, 0, 0, 0]]",-0.7476233212773558
"[[1], [0, 1], [0, 0, 0], [1, 0, 1, 0]]",-2.794247360238846
"[[0], [0, 0], [0, 0, 1], [1, 0, 1, 0]]",-2.999915890847251
"[[1], [1, 1], [1, 0, 0], [1, 1, 0, 0]]",-2.457784047361518
"[[0], [1, 0], [1, 0, 1], [0, 0, 1, 0]]",-2.7982443476693475
"[[1], [1, 0], [1, 0, 1], [1, 1, 0, 1]]",-2.306456566343657
"[[1], [1, 1], [1, 0, 0], [0, 0, 1, 0]]",-2.5948981590087787
"[[1], [1, 1], [1, 0, 1], [0, 1, 1, 1]]",-4.812719011400553
"[[0], [1, 1], [1, 1, 1], [1, 0, 1, 1]]",3.681734103287553
"[[1], [1, 0], [1, 1, 1], [1, 0, 1, 1]]",-1.4996303225340817
"[[1], [1, 0], [1, 1, 1], [1, 1, 0, 0]]",-1.3792455799878662
"[[1], [1, 0], [1, 1, 1], [0, 0, 1, 0]]",-0.9640381567393052
"[[1], [0, 0], [0, 1, 1], [1, 0, 1, 0]]",-1.5309463586051444
"[[1], [0, 0], [1, 0, 0], [1, 0, 1, 0]]",-1.4297037955771519
"[[1], [1, 0], [0, 0, 0], [0, 0, 1, 0]]",-1.8638385719308834
"[[0], [0, 0], [1, 0, 0], [0, 0, 1, 0]]",-1.995717118745749
"[[1], [1, 1], [1, 0, 0], [1, 1, 0, 1]]",-1.5917600806423016
"[[0], [1, 0], [1, 0, 1], [1, 1, 0, 1]]",-1.6679094000708485
"[[1], [0, 0], [0, 0, 1], [1, 1, 0, 1]]",-1.732588629109747
"[[1], [0, 0], [0, 0, 1], [0, 0, 1, 1]]",-1.948771153944505
"[[1], [0, 0], [0, 0, 1], [0, 1, 0, 0]]",-2.5947444846981025
"[[0], [0, 1], [0, 1, 1], [1, 1, 0, 1]]",-0.08439063363153261
"[[1], [0, 1], [0, 1, 1], [1, 1, 0, 1]]",4.656725823078225
"[[1], [0, 1], [1, 0, 0], [1, 1, 0, 1]]",-1.9305212127544011
"[[1], [0, 1], [1, 0, 0], [0, 0, 1, 1]]",-2.1051308071910686
"[[0], [0, 0], [1, 0, 1], [0, 0, 1, 1]]",-2.577129546661095
"[[0], [0, 0], [1, 0, 1], [0, 1, 0, 0]]",-2.942596744032601
"[[0], [1, 1], [1, 1, 1], [0, 1, 0, 1]]",1.0442660198654115
"[[0], [0, 1], [1, 0, 0], [1, 1, 0, 1]]",-2.0974346069392578
"[[0], [1, 1], [0, 0, 0], [0, 1, 0, 1]]",-1.8742360000000002
"[[0], [0, 1], [0, 0, 1], [1, 0, 1, 1]]",4.361176954955228
"[[0], [0, 0], [1, 0, 0], [1, 1, 0, 0]]",-1.8627779324678002
"[[1], [0, 1], [0, 1, 1], [0, 0, 1, 1]]",5.349977480989492
"[[1], [0, 1], [1, 0, 0], [0, 1, 0, 0]]",-2.2374719299081245
"[[0], [1, 1], [1, 0, 1], [0, 1, 1, 1]]",-3.7731137189292197
"[[1], [0, 1], [0, 0, 1], [0, 1, 1, 1]]",-3.7583918224137847
"[[1], [1, 0], [0, 1, 1], [1, 1, 1, 0]]",-1.2426456900509506
"[[0], [0, 0], [1, 1, 1], [1, 1, 1, 0]]",-1.2989873389527324
"[[0], [0, 1], [1, 1, 0], [1, 0, 0, 0]]",-1.1903534450615612
"[[1], [0, 1], [0, 1, 1], [1, 0, 0, 1]]",-1.6131492440773993
"[[1], [0, 1], [1, 0, 0], [1, 0, 0, 1]]",-1.735987546167103
"[[0], [1, 0], [0, 0, 1], [0, 0, 0, 1]]",-1.8948141253226936
"[[1], [1, 1], [1, 0, 0], [0, 1, 1, 0]]",1.4677243199632966
"[[1], [1, 1], [1, 0, 0], [0, 0, 0, 1]]",5.240757908340027
"[[0], [1, 0], [1, 0, 1], [0, 0, 0, 1]]",6.473532356894881
"[[0], [1, 1], [1, 0, 0], [0, 0, 0, 0]]",6.207431676307795
"[[0], [1, 1], [1, 1, 1], [0, 1, 1, 0]]",-1.3383231789826928
"[[0], [0, 1], [0, 1, 1], [1, 1, 1, 0]]",-1.0857098491240633
"[[0], [0, 0], [0, 1, 0], [1, 1, 1, 1]]",-0.5391645564310815
"[[1], [1, 0], [1, 1, 0], [1, 0, 1, 1]]",1.7350328629927863
"[[1], [1, 0], [0, 0, 1], [1, 0, 1, 1]]",-1.2852833656045812
"[[0], [1, 0], [0, 0, 1], [0, 0, 1, 1]]",-2.728662462788884
"[[0], [1, 0], [0, 0, 1], [0, 1, 0, 0]]",-2.9702085510209275
"[[1], [0, 1], [1, 1, 0], [1, 1, 1, 0]]",-1.7552087985409535
"[[0], [1, 1], [0, 1, 0], [0, 0, 0, 0]]",-0.8723541876255
"[[1], [1, 0], [0, 1, 0], [1, 1, 1, 0]]",0.10032350617213137
"[[0], [0, 0], [1, 1, 0], [1, 1, 1, 0]]",0.23390858121527533
"[[1], [1, 1], [1, 1, 1], [0, 1, 0, 1]]",1.1825191758577804
"[[1], [1, 1], [1, 1, 0], [1, 1, 0, 1]]",-1.5279651262321035
"[[1], [1, 0], [1, 1, 1], [1, 0, 0, 1]]",4.26845121647569
"[[1], [0, 0], [1, 0, 1], [1, 0, 1, 1]]",-1.5472505526994849
"[[1], [1, 0], [0, 0, 1], [0, 0, 1, 1]]",-2.2396781560531847
"[[0], [0, 1], [1, 0, 0], [0, 0, 1, 0]]",-2.9574310571286686
"[[1], [0, 1], [0, 1, 1], [0, 1, 1, 1]]",-1.5394135728444054
"[[1], [1, 1], [0, 0, 1], [0, 1, 0, 1]]",-2.0906355564978525
"[[0], [0, 1], [1, 0, 1], [0, 1, 0, 1]]",-2.3867695737457186
"[[1], [0, 0], [1, 0, 0], [0, 1, 0, 1]]",-3.564020396708389
"[[0], [0, 1], [1, 1, 1], [1, 0, 1, 1]]",-1.5556726505880876
"[[1], [1, 0], [0, 1, 0], [1, 1, 1, 1]]",4.737236230742656
"[[1], [1, 1], [1, 0, 1], [1, 0, 0, 1]]",-6.557118073659317
"[[1], [1, 1], [1, 1, 1], [0, 0, 1, 0]]",4.745058042990765
"[[1], [1, 0], [1, 1, 0], [0, 0, 1, 1]]",0.7749960077741093
"[[0], [1, 1], [1, 0, 0], [1, 0, 1, 1]]",-1.6736201297670736
"[[1], [0, 1], [0, 0, 0], [1, 1, 0, 0]]",-1.809999696998299
"[[1], [0, 1], [0, 0, 0], [0, 0, 1, 0]]",-1.8999999255690336
"[[0], [0, 1], [1, 1, 0], [1, 1, 0, 1]]",0.7795729539888441
"[[0], [0, 1], [0, 0, 1], [1, 1, 0, 1]]",-0.8504682180276691
"[[1], [1, 0], [1, 1, 0], [0, 1, 1, 1]]",-1.5669632449616444
"[[0], [0, 1], [1, 0, 1], [1, 0, 1, 1]]",-1.6561020037743146
"[[1], [0, 1], [0, 0, 0], [0, 1, 1, 1]]",-0.9139057795290861
"[[0], [0, 1], [0, 0, 0], [0, 1, 1, 0]]",-1.2177920279371133
"[[0], [0, 1], [0, 0, 0], [0, 0, 0, 1]]",-0.8190200000000001
"[[1], [0, 1], [1, 0, 0], [1, 0, 1, 1]]",-2.1043560606863596
"[[1], [1, 1], [0, 0, 0], [0, 1, 1, 0]]",-1.4842167296020963
"[[0], [0, 1], [1, 0, 0], [0, 1, 1, 0]]",-1.4401544795238823
"[[0], [0, 1], [1, 0, 0], [0, 0, 0, 1]]",-2.4170902507363476
"[[1], [0, 1], [1, 1, 1], [0, 1, 1, 0]]",0.8089823111359606
"[[1], [0, 1], [1, 1, 1], [0, 0, 0, 1]]",-0.38131620244100484
"[[1], [0, 0], [1, 0, 1], [0, 1, 0, 1]]",-0.444801163519759
"[[1], [1, 1], [1, 0, 1], [1, 1, 1, 0]]",-5.0653631647413375
"[[0], [0, 0], [1, 0, 1], [1, 1, 0, 0]]",-2.2878904118099714
"[[1], [0, 1], [1, 1, 0], [1, 1, 0, 1]]",-0.8867059253894849
"[[0], [0, 0], [1, 1, 1], [1, 1, 0, 1]]",2.118566033323103
"[[0], [1, 0], [0, 1, 1], [0, 1, 0, 1]]",-0.4302345754456528
"[[0], [0, 1], [1, 1, 1], [1, 1, 1, 0]]",4.032791978294745
"[[1], [0, 0], [1, 1, 0], [1, 1, 1, 0]]",0.33087676526011256
"[[1], [0, 1], [1, 0, 1], [0, 1, 1, 1]]",-1.6715697549639073
"[[1], [0, 1], [1, 0, 1], [1, 0, 0, 1]]",-2.1649204939910067
"[[1], [1, 1], [0, 0, 1], [0, 0, 0, 1]]",-2.4982062907384575
"[[0], [0, 1], [1, 0, 1], [0, 0, 0, 1]]",-2.7128937532023345
"[[1], [0, 0], [1, 0, 0], [0, 0, 0, 1]]",-2.953988765939308
"[[1], [1, 1], [1, 1, 0], [1, 0, 1, 1]]",-1.7979416033515683
"[[1], [1, 1], [1, 1, 0], [1, 1, 0, 0]]",-1.2099540932634565
"[[0], [1, 1], [1, 0, 1], [1, 0, 0, 0]]",-1.2717308869422075
"[[0], [1, 0], [1, 0, 0], [1, 0, 0, 1]]",-1.9693793397611952
"[[1], [0, 1], [1, 0, 1], [1, 1, 0, 0]]",-2.265387101327737
"[[1], [0, 1], [1, 1, 1], [1, 0, 0, 0]]",0.4397480918199151
"[[1], [0, 0], [1, 0, 1], [1, 1, 0, 0]]",-0.7234613329925044
"[[1], [1, 0], [0, 0, 1], [0, 1, 0, 0]]",-1.5992827255723465
"[[0], [0, 0], [1, 1, 1], [0, 0, 1, 1]]",0.4985918298739844
"[[0], [0, 1], [1, 1, 0], [0, 0, 1, 0]]",5.746747891350767
"[[1], [0, 1], [0, 1, 0], [1, 0, 1, 0]]",-1.3850182266883841
"[[1], [0, 0], [0, 0, 0], [1, 1, 1, 0]]",-1.8455843618345937
"[[0], [1, 1], [1, 1, 1], [0, 0, 0, 1]]",-0.7563506431406505
"[[0], [0, 1], [0, 1, 1], [1, 0, 0, 1]]",-0.7959554543484325
"[[1], [1, 0], [1, 0, 0], [0, 1, 0, 1]]",-1.6274587856456533
"[[0], [1, 1], [1, 1, 1], [1, 1, 0, 0]]",4.569302974572885
"[[1], [1, 1], [1, 1, 0], [0, 1, 1, 0]]",1.1166671616186266
"[[0], [1, 0], [1, 1, 1], [0, 1, 1, 0]]",1.6554681464458685
"[[1], [0, 0], [0, 1, 1], [0, 1, 1, 0]]",-0.21711700000000006
"[[1], [0, 0], [0, 1, 1], [0, 0, 0, 1]]",-0.25570000000000004
"[[0], [1, 1], [1, 0, 1], [0, 1, 0, 1]]",-1.1834491317649625
"[[1], [0, 1], [0, 0, 1], [0, 1, 0, 1]]",-0.6799999999999999
"[[1], [1, 1], [1, 1, 0], [0, 1, 1, 1]]",1.9861078840901905
"[[0], [1, 1], [1, 1, 0], [1, 0, 0, 0]]",6.216375952563108
"[[0], [0, 1], [0, 0, 1], [1, 1, 0, 0]]",5.638173652638441
"[[1], [1, 1], [0, 0, 0], [1, 0, 1, 1]]",-2.14471879048267
"[[0], [0, 1], [1, 0, 0], [1, 1, 0, 0]]",-2.657896452589752
"[[0], [1, 1], [1, 1, 1], [0, 0, 1, 1]]",2.6137842053916196
"[[0], [0, 1], [0, 1, 1], [1, 0, 1, 1]]",1.4411172257412856
"[[1], [0, 1], [0, 1, 1], [0, 1, 0, 1]]",-0.7166812693835534
"[[1], [0, 1], [1, 0, 0], [0, 1, 0, 1]]",-0.8289355162994699
"[[0], [0, 0], [1, 0, 1], [0, 1, 0, 1]]",-1.7953696348929327
"[[0], [0, 1], [1, 0, 0], [0, 1, 0, 0]]",-2.982820749308933
"[[1], [1, 1], [1, 0, 0], [0, 0, 1, 1]]",-1.6508612447257205
"[[0], [1, 0], [1, 0, 1], [0, 0, 1, 1]]",-1.8744389174992535
"[[0], [1, 0], [1, 0, 1], [0, 1, 0, 0]]",-1.6830230466510057
"[[1], [0, 0], [1, 1, 1], [1, 1, 1, 0]]",1.4024297837359925
"[[1], [1, 0], [1, 0, 1], [1, 1, 0, 0]]",-1.621150194190459
"[[1], [1, 0], [1, 0, 1], [0, 0, 1, 0]]",-1.8747976316171804
"[[1], [0, 0], [0, 0, 1], [1, 0, 1, 0]]",-3.401948417981329
"[[1], [1, 0], [0, 1, 0], [0, 0, 0, 1]]",6.927470814130612
"[[0], [0, 0], [1, 1, 0], [0, 0, 0, 1]]",7.8992763530393155
"[[0], [0, 0], [0, 0, 1], [0, 0, 0, 1]]",8.899999999598252
"[[0], [0, 1], [0, 0, 0], [0, 0, 0, 0]]",9.99999999987533
"[[1], [1, 0], [0, 1, 1], [0, 1, 1, 0]]",-0.8500571727543081
"[[0], [0, 0], [1, 1, 1], [0, 1, 1, 0]]",-0.21493000000000007
"[[0], [0, 1], [1, 0, 1], [0, 0, 1, 0]]",-1.6548255698370795
"[[1], [0, 0], [1, 0, 0], [0, 0, 1, 0]]",-2.671743032605463
"[[1], [0, 1], [1, 1, 1], [1, 1, 0, 0]]",-1.0467042461095915
"[[1], [1, 1], [0, 1, 1], [0, 1, 0, 0]]",-1.1466077128196765
"[[0], [0, 1], [1, 1, 1], [0, 1, 0, 0]]",-1.2291358147730385
"[[1], [0, 0], [1, 1, 0], [0, 1, 0, 0]]",-1.1807108025832223
"[[1], [1, 0], [0, 0, 1], [1, 1, 0, 1]]",-2.0383797070478393
"[[1], [1, 1], [0, 1, 1], [1, 0, 1, 0]]",0.00826832762137128
"[[1], [1, 0], [0, 0, 1], [1, 1, 1, 0]]",-1.0352112137585223
"[[1], [0, 1], [1, 1, 0], [1, 0, 1, 1]]",0.5267191539016022
"[[0], [0, 0], [1, 1, 1], [1, 0, 1, 1]]",1.9866548274871538
"[[0], [0, 1], [1, 1, 0], [1, 0, 1, 0]]",1.4720106750907354
"[[0], [0, 0], [1, 0, 0], [1, 1, 1, 0]]",-1.4461834799836637
"[[1], [0, 1], [0, 1, 1], [0, 0, 1, 0]]",6.130767439352093
"[[1], [1, 1], [0, 0, 1], [0, 0, 0, 0]]",-1.2509809865023624
"[[0], [1, 1], [1, 1, 0], [1, 0, 1, 0]]",-1.4960074959619178
"[[0], [1, 1], [0, 0, 1], [1, 0, 1, 0]]",-1.1640911479802452
"[[1], [1, 0], [0, 0, 0], [1, 0, 1, 0]]",-0.858711439724249
"[[0], [0, 0], [1, 0, 0], [1, 0, 1, 0]]",-1.264919165978198
"[[0], [1, 0], [0, 0, 0], [0, 0, 1, 0]]",-1.8136230266879558
"[[1], [1, 1], [1, 1, 1], [0, 0, 0, 1]]",-1.0563249356925275
"[[1], [1, 0], [1, 0, 1], [1, 0, 1, 1]]",-1.7636621679521132
"[[0], [0, 0], [0, 1, 1], [1, 1, 1, 0]]",3.9998790111734785
"[[0], [1, 0], [0, 0, 0], [0, 1, 1, 0]]",-1.1871243600617745
"[[0], [0, 1], [1, 1, 0], [1, 0, 1, 1]]",1.2798613514089376
"[[0], [0, 1], [1, 1, 0], [1, 1, 0, 0]]",4.872254432631755
"[[1], [0, 1], [0, 0, 0], [0, 0, 0, 0]]",8.899979914572238
"[[0], [0, 0], [0, 0, 1], [0, 0, 0, 0]]",9.999990797054865
"[[1], [1, 0], [1, 0, 1], [0, 0, 1, 1]]",-2.3218315161820633
"[[1], [1, 1], [1, 1, 0], [1, 0, 1, 0]]",-1.513366859550096
"[[1], [1, 1], [0, 0, 1], [1, 0, 1, 0]]",-1.1884111022420778
"[[0], [0, 1], [1, 0, 1], [1, 0, 1, 0]]",-1.1908671815195568
"[[0], [1, 1], [1, 1, 0], [1, 1, 0, 1]]",2.552771207967655
"[[1], [0, 1], [1, 1, 1], [0, 0, 1, 1]]",-1.528356702021586
"[[1], [0, 0], [1, 0, 1], [0, 1, 1, 1]]",-1.3445704998889032
"[[1], [0, 0], [1, 0, 1], [1, 0, 0, 1]]",-1.4007332049528198
"[[1], [1, 0], [0, 0, 1], [0, 0, 0, 1]]",-1.3921923880182376
"[[1], [1, 1], [0, 0, 0], [0, 0, 0, 0]]",-1.8170262808813218
"[[0], [0, 1], [1, 0, 0], [0, 0, 0, 0]]",-1.9764882642108574
"[[0], [0, 1], [1, 1, 1], [0, 1, 1, 0]]",-0.17878039083521124
"[[0], [0, 1], [1, 0, 0], [0, 0, 1, 1]]",-2.620916462375782
"[[1], [0, 1], [0, 0, 0], [0, 1, 1, 0]]",5.412850060046055
"[[0], [0, 0], [0, 0, 1], [0, 1, 1, 0]]",1.8519463650185983
"[[0], [1, 1], [0, 0, 1], [1, 0, 0, 0]]",7.018640907152679
"[[1], [1, 0], [0, 0, 0], [1, 0, 0, 0]]",7.909999368909646
"[[0], [0, 0], [1, 0, 0], [1, 0, 0, 0]]",8.899999976766788
"[[0], [1, 0], [0, 0, 0], [0, 0, 0, 0]]",9.999999992208705
"[[0], [1, 1], [0, 0, 1], [1, 1, 1, 0]]",-2.025381936637036
"[[0], [1, 0], [0, 0, 0], [1, 1, 1, 1]]",-3.062897555
"[[0], [1, 1], [1, 0, 0], [1, 1, 0, 0]]",-1.761569674588391
"[[1], [0, 0], [1, 0, 1], [1, 1, 1, 0]]",-1.2649606708317163
"[[1], [1, 0], [0, 0, 1], [0, 1, 1, 0]]",-1.218048667373398
"[[1], [1, 0], [0, 0, 1], [1, 0, 0, 0]]",-1.5555960801297646
"[[0], [0, 0], [1, 0, 1], [1, 0, 0, 0]]",-1.8137018635892483
"[[0], [1, 0], [0, 0, 1], [0, 0, 0, 0]]",-1.9954368697230915
"[[1], [0, 0], [1, 1, 0], [1, 0, 0, 1]]",6.08178454994297
"[[0], [0, 1], [0, 0, 1], [1, 0, 1, 0]]",5.7046047993927615
"[[1], [1, 1], [1, 0, 1], [1, 0, 1, 0]]",-1.7437384223482095
"[[0], [1, 0], [1, 1, 1], [0, 1, 0, 1]]",-0.5729810270042285
"[[0], [0, 0], [0, 1, 1], [1, 1, 0, 1]]",-0.055201989394494236
"[[1], [1, 0], [0, 1, 1], [0, 0, 1, 1]]",1.0733838185475921
"[[1], [1, 1], [0, 0, 0], [0, 0, 0, 1]]",-1.8399922375362199
"[[0], [1, 1], [1, 0, 0], [0, 0, 1, 1]]",-1.4659126511961096
"[[1], [0, 1], [1, 0, 0], [1, 0, 1, 0]]",-1.765749626452715
"[[0], [0, 0], [1, 0, 1], [1, 0, 1, 0]]",-1.858895471328919
"[[0], [1, 0], [0, 0, 1], [0, 0, 1, 0]]",-2.936218604480668
"[[0], [1, 1], [1, 0, 1], [0, 1, 1, 0]]",-0.5367423152072136
"[[0], [1, 1], [1, 0, 1], [0, 0, 0, 1]]",-0.9350336021659095
"[[0], [0, 1], [0, 0, 1], [1, 0, 0, 1]]",-1.9319254161301782
"[[0], [0, 1], [1, 1, 1], [1, 1, 0, 1]]",-1.6104078117079872
"[[0], [1, 1], [0, 1, 1], [0, 1, 0, 1]]",-1.3756867589220212
"[[1], [1, 0], [0, 1, 0], [0, 1, 0, 1]]",-1.440080765736168
"[[0], [1, 1], [1, 1, 1], [1, 0, 0, 1]]",-1.5905592264991235
"[[0], [1, 1], [1, 0, 0], [1, 0, 1, 0]]",-2.2102122584063535
"[[1], [0, 0], [1, 1, 1], [0, 0, 1, 1]]",-0.7197756826041068
"[[1], [0, 1], [1, 1, 0], [0, 0, 1, 0]]",-0.492890689006929
"[[0], [0, 0], [1, 1, 1], [0, 0, 1, 0]]",-0.21009015998001607
"[[0], [1, 0], [1, 0, 1], [0, 0, 0, 0]]",-0.45179775997149535
"[[1], [0, 0], [0, 0, 1], [0, 0, 0, 0]]",-0.38
"[[1], [1, 0], [1, 0, 1], [1, 1, 1, 0]]",-1.5483043196964508
"[[0], [1, 1], [0, 1, 1], [1, 0, 0, 1]]",2.7904840434263125
"[[1], [0, 1], [1, 0, 1], [0, 0, 1, 1]]",-2.103913391145928
"[[1], [0, 1], [1, 0, 1], [0, 1, 0, 0]]",-2.402038257762488
"[[0], [1, 1], [1, 0, 1], [0, 1, 0, 0]]",0.4538382727007736
"[[0], [1, 0], [1, 0, 0], [0, 1, 0, 1]]",7.018990391025388
"[[1], [0, 1], [1, 1, 0], [1, 0, 1, 0]]",-0.3484148878640574
"[[1], [1, 0], [1, 0, 0], [0, 1, 1, 1]]",-3.5260073843276944
"[[1], [1, 0], [1, 1, 0], [1, 1, 1, 0]]",-1.480479081891685
"[[0], [1, 0], [0, 1, 0], [0, 1, 1, 1]]",6.190073948578758
"[[0], [1, 1], [1, 0, 1], [1, 1, 0, 0]]",5.495329212317197
"[[0], [1, 0], [1, 0, 0], [0, 0, 1, 1]]",7.018989877515691
"[[0], [0, 0], [0, 0, 0], [1, 0, 1, 1]]",7.9099999999280355
"[[1], [1, 1], [0, 0, 0], [0, 0, 1, 1]]",-2.563946853744946
"[[1], [1, 1], [0, 0, 0], [0, 1, 0, 0]]",-2.6165960323674873
"[[0], [1, 0], [1, 0, 1], [0, 1, 1, 0]]",2.661487944787874
"[[1], [0, 0], [0, 0, 1], [0, 1, 1, 0]]",6.999294939361574
"[[1], [0, 0], [0, 0, 1], [0, 0, 0, 1]]",7.909675920810751
"[[1], [1, 0], [1, 0, 1], [0, 1, 1, 0]]",-1.0391385375842475
"[[1], [1, 0], [1, 0, 1], [0, 0, 0, 1]]",-0.7969810093262074
"[[1], [0, 1], [1, 0, 1], [1, 0, 1, 0]]",-0.8412221328224594
"[[1], [1, 1], [0, 0, 1], [0, 0, 1, 0]]",-1.3685277477650062
"[[1], [1, 1], [0, 1, 1], [1, 1, 0, 1]]",-2.244772316032269
"[[1], [0, 0], [1, 1, 0], [1, 1, 0, 1]]",-1.5905237440884545
"[[0], [0, 0], [1, 1, 0], [0, 1, 0, 1]]",-1.3066433486731235
"[[0], [0, 0], [0, 0, 1], [0, 1, 0, 1]]",-1.175391624252031
"[[0], [0, 1], [0, 0, 0], [0, 1, 0, 0]]",-1.7834465884707318
"[[1], [1, 1], [0, 0, 1], [1, 0, 1, 1]]",-1.5649768347795914
"[[0], [1, 0], [0, 0, 1], [1, 0, 1, 1]]",-1.4294370099923783
"[[0], [1, 0], [0, 0, 1], [1, 1, 0, 0]]",-2.2423668512271613
"[[0], [1, 0], [0, 0, 0], [1, 0, 0, 0]]",-0.9371180000000001
"[[0], [1, 1], [1, 1, 0], [0, 1, 1, 0]]",1.5145251587276873
"[[0], [1, 1], [1, 0, 1], [1, 1, 1, 0]]",-3.531369377482437
"[[1], [1, 1], [1, 1, 0], [1, 0, 0, 0]]",5.001936124012843
"[[0], [1, 0], [1, 1, 1], [1, 0, 0, 0]]",5.894068448711658
"[[1], [0, 0], [0, 1, 1], [1, 0, 0, 0]]",6.753266460469278
"[[1], [0, 0], [1, 0, 0], [1, 0, 0, 0]]",7.864580886368437
"[[1], [1, 0], [0, 1, 0], [1, 1, 0, 1]]",-1.2990896648673809
"[[0], [0, 0], [1, 1, 0], [1, 1, 0, 1]]",-0.9163565296561716
"[[0], [0, 0], [1, 1, 0], [0, 0, 1, 1]]",-1.2458157581939386
"[[0], [1, 0], [1, 0, 0], [1, 0, 1, 1]]",-0.7535325660733103
"[[1], [1, 1], [1, 1, 0], [0, 0, 1, 1]]",-1.5912807085064238
"[[1], [0, 1], [1, 1, 0], [1, 0, 0, 1]]",-1.3759505222824413
"[[1], [1, 1], [0, 1, 0], [0, 0, 0, 1]]",-0.6252962764398394
"[[0], [0, 1], [1, 1, 0], [0, 0, 0, 1]]",-0.415587486936216
"[[0], [0, 1], [0, 0, 1], [0, 0, 0, 1]]",-0.33944643119800005
"[[1], [0, 1], [0, 1, 1], [0, 1, 0, 0]]",6.16085503519843
"[[1], [0, 0], [0, 1, 0], [0, 1, 0, 1]]",7.0020488554486455
"[[1], [0, 1], [0, 0, 0], [0, 0, 0, 1]]",7.909999842206966
"[[1], [1, 1], [0, 0, 1], [0, 1, 1, 0]]",2.443503956062154
"[[0], [0, 1], [1, 0, 1], [0, 1, 1, 0]]",0.650565264365951
"[[0], [1, 0], [1, 1, 0], [1, 1, 0, 1]]",0.791416698704576
"[[0], [0, 1], [1, 1, 0], [0, 1, 1, 0]]",-0.9851138012769892
"[[0], [0, 1], [0, 0, 1], [0, 1, 1, 0]]",-0.6912252548039408
"[[0], [0, 0], [0, 0, 0], [0, 1, 1, 1]]",-0.7793232886183629
"[[1], [1, 1], [0, 0, 1], [1, 1, 0, 0]]",-1.6374862642191759
"[[1], [1, 1], [0, 0, 0], [1, 1, 0, 0]]",-2.2698513305396237
"[[0], [1, 1], [1, 1, 0], [0, 0, 1, 1]]",3.6231794720796846
"[[1], [0, 1], [0, 1, 0], [0, 0, 1, 1]]",5.041730558575687
"[[1], [0, 1], [0, 1, 0], [0, 1, 0, 0]]",5.9385133773123115
"[[0], [0, 0], [0, 1, 1], [0, 1, 0, 0]]",6.971263802926753
"[[0], [0, 1], [0, 0, 1], [0, 0, 0, 0]]",8.161341619674646
"[[1], [0, 0], [0, 0, 0], [0, 0, 0, 0]]",9.253053298278573
"[[1], [0, 1], [0, 0, 0], [0, 1, 0, 0]]",-1.8427081232744353
"[[0], [0, 0], [0, 1, 1], [1, 0, 0, 0]]",7.171800023555734
"[[1], [1, 1], [0, 1, 0], [0, 1, 1, 1]]",-1.14981257745055
"[[0], [0, 1], [1, 1, 0], [0, 1, 1, 1]]",-1.0967583566849366
"[[0], [0, 1], [0, 0, 1], [0, 1, 1, 1]]",-1.3494871373102801
"[[1], [0, 0], [0, 0, 0], [0, 1, 1, 1]]",-1.6920518230429409
"[[0], [1, 0], [0, 1, 0], [1, 0, 0, 1]]",7.014391567637634
"[[1], [1, 1], [0, 1, 0], [1, 1, 0, 1]]",0.6308800586855332
"[[0], [0, 1], [0, 0, 1], [0, 1, 0, 0]]",-0.9544562091291532
"[[1], [1, 0], [1, 0, 0], [1, 0, 1, 0]]",-2.70417488
"[[0], [0, 1], [0, 0, 1], [1, 1, 1, 0]]",-1.3240695984179254
"[[0], [0, 0], [0, 0, 0], [1, 1, 1, 1]]",-1.3756000000000002
"[[1], [1, 0], [1, 0, 1], [0, 1, 0, 0]]",-1.8895335924839107
"[[0], [1, 1], [1, 0, 1], [0, 0, 1, 0]]",1.0260822054259302
"[[1], [1, 0], [1, 1, 0], [1, 0, 0, 1]]",-1.6735446106990741
"[[1], [1, 1], [0, 0, 0], [0, 1, 0, 1]]",-1.078093679025608
"[[0], [1, 1], [1, 0, 1], [1, 0, 0, 1]]",-4.101891671222003
"[[1], [0, 0], [0, 1, 0], [0, 1, 0, 0]]",6.407069113989578
"[[1], [1, 0], [1, 1, 0], [0, 1, 0, 0]]",0.6644414945513241
"[[0], [1, 0], [1, 1, 0], [1, 0, 1, 1]]",0.2088480091057034
"[[1], [1, 0], [0, 0, 0], [1, 1, 1, 0]]",-1.093986250493696
"[[0], [1, 0], [1, 1, 1], [0, 0, 0, 1]]",2.4501319004804727
"[[1], [1, 0], [1, 0, 0], [1, 0, 0, 1]]",-4.928386089377203
"[[0], [1, 0], [1, 1, 0], [0, 1, 1, 1]]",-1.1356475780240864
"[[0], [1, 0], [1, 1, 1], [1, 0, 1, 0]]",-1.2234713980799397
"[[0], [0, 1], [1, 0, 1], [1, 1, 0, 0]]",-1.7362766067428956
"[[0], [1, 0], [1, 0, 0], [1, 1, 0, 0]]",-1.0694944147082615
"[[0], [1, 0], [1, 0, 0], [0, 0, 1, 0]]",-0.8950767023338928
"[[1], [0, 1], [1, 0, 1], [0, 0, 1, 0]]",-1.9927540111645348
"[[0], [1, 0], [0, 0, 0], [1, 0, 1, 1]]",-0.8869755513496581
"[[0], [1, 0], [0, 0, 0], [1, 1, 0, 0]]",-1.2944839921884783
"[[0], [1, 1], [0, 0, 0], [1, 1, 1, 1]]",-3.178890092544
"[[1], [0, 1], [0, 1, 0], [0, 1, 1, 1]]",0.22411793294710391
"[[0], [0, 0], [0, 1, 1], [0, 1, 1, 1]]",-0.23473380059587007
"[[1], [1, 0], [1, 0, 0], [1, 1, 1, 0]]",-3.5280230448369556
"[[1], [1, 1], [0, 0, 1], [1, 0, 0, 0]]",4.355670144064981
"[[1], [1, 0], [0, 0, 0], [1, 1, 0, 0]]",-1.7280972384737112
"[[0], [1, 1], [1, 1, 0], [1, 0, 1, 1]]",-1.3963046740341332
"[[0], [1, 1], [1, 1, 1], [0, 0, 1, 0]]",0.9776845861870449
"[[0], [0, 1], [0, 1, 1], [1, 0, 1, 0]]",0.9512008372377604
"[[1], [0, 0], [0, 1, 0], [1, 0, 1, 0]]",6.977395510475181
"[[1], [0, 1], [1, 1, 1], [1, 1, 0, 1]]",-1.507943571657094
"[[1], [1, 1], [0, 1, 1], [0, 1, 0, 1]]",-1.6828173218415143
"[[0], [0, 1], [1, 1, 1], [0, 1, 0, 1]]",-0.89451252967001
"[[1], [0, 0], [1, 1, 0], [0, 1, 0, 1]]",-1.5328506979394239
"[[1], [0, 1], [1, 0, 0], [0, 0, 0, 1]]",-1.4390550022599657
"[[0], [0, 0], [1, 0, 1], [0, 0, 0, 1]]",-1.8044862604313456
"[[1], [1, 1], [0, 0, 0], [0, 0, 1, 0]]",-2.4925543130688763
"[[1], [1, 1], [1, 0, 0], [0, 1, 0, 0]]",-1.487022826235127
"[[0], [1, 0], [0, 1, 0], [1, 1, 1, 1]]",-1.7542915453926182
"[[0], [1, 1], [0, 0, 0], [1, 0, 1, 1]]",-1.9591744088668315
"[[1], [1, 0], [0, 1, 0], [0, 0, 1, 1]]",-1.2242444857316648
"[[0], [1, 0], [1, 0, 0], [0, 0, 0, 1]]",-1.1428047600695372
"[[0], [1, 1], [0, 1, 1], [0, 1, 1, 0]]",1.1533525013864414
"[[1], [0, 0], [0, 1, 0], [0, 1, 1, 1]]",-1.1629064354570693
"[[1], [0, 0], [0, 1, 0], [1, 0, 0, 1]]",-2.1192600616960005
"[[1], [0, 0], [1, 1, 1], [1, 1, 0, 1]]",0.9311965630986297
"[[1], [1, 0], [0, 1, 1], [0, 1, 0, 1]]",1.6505882795621525
"[[0], [0, 1], [1, 1, 0], [1, 0, 0, 1]]",-1.2168687432127712
"[[0], [1, 1], [0, 1, 0], [0, 0, 0, 1]]",-1.0989283587361678
"[[0], [1, 1], [1, 0, 0], [0, 0, 1, 0]]",-2.03663855544475
"[[0], [1, 0], [0, 1, 1], [1, 0, 1, 1]]",-0.7640306562381685
"[[1], [0, 0], [1, 1, 0], [1, 0, 1, 1]]",-1.2694790226784687
"[[1], [1, 1], [0, 1, 1], [1, 1, 0, 0]]",-1.5005990124917719
"[[1], [1, 0], [0, 1, 0], [0, 1, 0, 0]]",-1.254527886555404
"[[0], [0, 0], [1, 1, 0], [0, 1, 0, 0]]",-1.0747778969079838
"[[0], [1, 1], [1, 1, 0], [0, 1, 0, 1]]",-0.7931205014157238
"[[1], [0, 1], [0, 1, 0], [0, 1, 0, 1]]",-0.2317968454901001
"[[0], [0, 0], [0, 1, 1], [0, 1, 0, 1]]",-0.27382326603716056
"[[1], [0, 1], [1, 1, 1], [1, 0, 0, 1]]",3.2719722196193333
"[[1], [0, 0], [1, 0, 1], [1, 1, 0, 1]]",-1.4435947129546338
"[[1], [1, 0], [0, 0, 1], [0, 1, 0, 1]]",-1.636533401345717
"[[0], [1, 1], [1, 0, 0], [0, 1, 1, 0]]",6.214249338886007
"[[0], [1, 0], [0, 1, 1], [0, 1, 1, 0]]",-0.757717197073908
"[[0], [1, 0], [1, 0, 0], [0, 1, 1, 0]]",-0.6171248095452151
"[[0], [0, 0], [1, 1, 1], [0, 1, 0, 0]]",-0.9049482852364914
"[[0], [0, 1], [1, 0, 1], [0, 0, 0, 0]]",-1.3449715259019102
"[[1], [0, 0], [1, 0, 0], [0, 0, 0, 0]]",-0.9371180000000001
"[[1], [1, 0], [1, 1, 1], [1, 1, 1, 0]]",2.360473947560585
"[[1], [1, 0], [1, 1, 0], [1, 1, 0, 0]]",5.3327143908663945
"[[1], [1, 0], [0, 0, 1], [1, 1, 0, 0]]",-1.670975754145204
"[[1], [1, 1], [1, 0, 0], [1, 0, 1, 0]]",-1.8873037980585834
"[[0], [1, 0], [1, 0, 1], [1, 0, 1, 0]]",-2.1669609627346103
"[[1], [0, 0], [0, 1, 1], [1, 1, 0, 0]]",-1.6529970661903841
"[[1], [0, 1], [0, 0, 1], [1, 0, 0, 0]]",-1.7446151745943177
"[[1], [1, 0], [0, 1, 1], [1, 0, 0, 1]]",-1.034623830137878
"[[1], [1, 0], [0, 1, 0], [0, 1, 1, 0]]",-0.5759313477105094
"[[0], [0, 0], [1, 1, 0], [0, 1, 1, 0]]",-0.16512941308204185
"[[1], [1, 0], [0, 1, 1], [1, 0, 1, 1]]",1.0043776738302563
"[[1], [1, 0], [0, 1, 1], [1, 1, 0, 0]]",0.2667432576265064
"[[1], [0, 0], [1, 1, 1], [0, 1, 1, 1]]",0.6797385877000539
"[[1], [0, 0], [1, 1, 0], [0, 1, 1, 0]]",-0.22136230000000004
"[[0], [1, 1], [0, 0, 1], [0, 1, 1, 0]]",-0.05291890053527357
"[[0], [0, 1], [0, 0, 1], [0, 0, 1, 0]]",3.6959052251084676
"[[1], [0, 0], [1, 1, 1], [1, 0, 0, 1]]",2.8963265952382704
"[[1], [1, 0], [0, 1, 1], [0, 0, 0, 1]]",-0.5896801611251162
"[[1], [1, 1], [0, 1, 0], [0, 0, 0, 0]]",-0.4485028684485599
"[[1], [0, 0], [1, 0, 0], [0, 1, 1, 0]]",-0.5146437313908262
"[[1], [1, 1], [1, 1, 1], [1, 0, 1, 0]]",1.1780075137984238
"[[0], [0, 0], [0, 0, 0], [0, 1, 0, 1]]",-0.542
"[[0], [1, 0], [1, 0, 0], [0, 1, 1, 1]]",-0.7992957969287886
"[[1], [1, 0], [1, 1, 1], [0, 1, 0, 0]]",-0.4342976474483328
"[[1], [1, 1], [1, 0, 1], [0, 0, 0, 0]]",-0.5308903375250439
"[[1], [0, 0], [1, 1, 1], [0, 1, 1, 0]]",-0.5769908433579443
"[[0], [1, 0], [1, 1, 1], [0, 0, 1, 0]]",-1.151302330210261
"[[1], [0, 0], [0, 1, 1], [0, 0, 1, 0]]",-1.368876632121179
"[[0], [1, 1], [0, 1, 0], [1, 1, 0, 1]]",-1.1326687114996778
"[[1], [1, 0], [1, 0, 1], [0, 1, 0, 1]]",-1.098894677080948
"[[0], [1, 1], [1, 0, 0], [0, 1, 0, 1]]",-0.8772689901685446
"[[0], [0, 1], [0, 0, 0], [1, 1, 0, 1]]",-0.6158767398528466
"[[0], [0, 1], [0, 0, 0], [0, 0, 1, 1]]",-1.2854093425374797
"[[0], [1, 0], [0, 1, 1], [1, 1, 1, 0]]",-1.314920185803465
"[[0], [1, 0], [1, 0, 0], [1, 1, 1, 0]]",-1.5451580524897357
"[[1], [1, 1], [1, 0, 1], [1, 0, 0, 0]]",-1.6696861960430598
"[[0], [1, 1], [1, 1, 1], [0, 1, 0, 0]]",2.8244802780382274
"[[0], [0, 1], [0, 1, 1], [1, 1, 0, 0]]",0.04297675233649573
"[[0], [0, 1], [0, 1, 1], [0, 0, 1, 0]]",-0.26405677000000005
"[[1], [0, 1], [1, 0, 0], [0, 1, 1, 1]]",-1.017904337452994
"[[0], [1, 1], [1, 1, 0], [0, 0, 1, 0]]",-1.028390032360929
"[[0], [1, 1], [0, 0, 1], [0, 0, 1, 0]]",-1.6338922843066626
"[[1], [1, 0], [1, 1, 0], [0, 1, 0, 1]]",1.6131142269561758
"[[0], [1, 1], [0, 0, 1], [1, 1, 0, 0]]",-1.6839921443781014
"[[1], [0, 1], [1, 0, 0], [0, 0, 0, 0]]",-0.7313424634180001
"[[0], [0, 0], [1, 0, 1], [0, 0, 0, 0]]",-1.3830232632393729
"[[1], [0, 1], [1, 0, 0], [0, 1, 1, 0]]",-1.180672073060888
"[[0], [0, 0], [1, 0, 1], [0, 1, 1, 0]]",-1.2177345893997573
"[[0], [1, 1], [1, 1, 0], [0, 1, 1, 1]]",2.5443660436492848
"[[1], [1, 1], [1, 0, 1], [0, 0, 0, 1]]",-3.0969891373028946
"[[1], [0, 1], [0, 1, 0], [1, 1, 0, 1]]",2.186420869121392
"[[1], [1, 1], [0, 1, 0], [0, 1, 1, 0]]",-1.1414176195543455
"[[1], [0, 0], [0, 0, 0], [0, 1, 1, 0]]",-1.2697902868694202
"[[1], [1, 0], [0, 1, 1], [0, 1, 0, 0]]",3.214275204685943
"[[0], [1, 1], [0, 1, 1], [1, 1, 0, 0]]",2.3041196400541404
"[[0], [0, 0], [0, 1, 1], [0, 0, 1, 1]]",0.9160761408593397
"[[1], [0, 0], [1, 0, 1], [0, 0, 1, 0]]",-0.544
"[[1], [1, 0], [0, 0, 1], [0, 0, 1, 0]]",-2.147995732690676
"[[1], [1, 1], [0, 1, 1], [0, 0, 0, 1]]",4.253624850717922
"[[0], [0, 1], [1, 1, 1], [0, 0, 0, 1]]",0.7961798010592487
"[[0], [1, 0], [0, 1, 1], [1, 1, 0, 1]]",0.5304527346647295
"[[0], [1, 1], [0, 1, 0], [1, 1, 0, 0]]",-0.33923847545147456
"[[0], [1, 1], [0, 1, 0], [0, 0, 1, 0]]",-0.32088002475077654
"[[0], [1, 1], [1, 0, 0], [0, 0, 0, 1]]",7.018063095907819
"[[1], [1, 1], [0, 1, 0], [1, 0, 0, 0]]",-0.7456595037646213
"[[0], [0, 1], [0, 1, 0], [0, 0, 1, 0]]",-0.18756846690818862
"[[1], [0, 1], [0, 0, 0], [0, 1, 0, 1]]",-0.5874603469466535
"[[1], [0, 1], [1, 1, 0], [0, 1, 1, 0]]",0.15628716709612947
"[[1], [0, 1], [1, 1, 0], [0, 0, 0, 1]]",-0.3340000000000001
"[[1], [0, 1], [0, 0, 1], [0, 0, 0, 1]]",-1.3756000000000002
"[[1], [1, 0], [0, 1, 1], [1, 0, 1, 0]]",-0.3758278855245853
"[[0], [0, 0], [1, 1, 1], [1, 0, 1, 0]]",-0.24541824810260446
"[[0], [0, 1], [1, 1, 0], [0, 0, 1, 1]]",2.9534890784309624
"[[1], [1, 1], [1, 1, 0], [0, 0, 1, 0]]",-0.9087838993125383
"[[0], [0, 0], [0, 1, 1], [1, 0, 1, 0]]",-1.0882464047797813
"[[1], [0, 0], [1, 0, 1], [0, 0, 1, 1]]",-0.543547469514959
"[[1], [0, 0], [1, 0, 1], [0, 1, 0, 0]]",-0.4
"[[1], [0, 0], [1, 1, 1], [1, 1, 0, 0]]",2.586409629543424
"[[1], [1, 0], [0, 1, 1], [1, 0, 0, 0]]",-0.34375600000000006
"[[0], [1, 1], [0, 1, 0], [0, 1, 0, 1]]",-0.6474776483581312
"[[0], [0, 1], [0, 0, 0], [0, 1, 1, 1]]",-0.7572260253886615
"[[0], [1, 1], [1, 1, 0], [1, 1, 0, 0]]",-1.585646394352039
"[[1], [1, 1], [0, 1, 1], [1, 1, 1, 0]]",1.7969618933476335
"[[1], [0, 1], [1, 0, 0], [1, 0, 0, 0]]",-1.5304199346868828
"[[1], [0, 0], [1, 1, 1], [0, 1, 0, 0]]",-0.3162584342956704
"[[1], [0, 1], [1, 0, 1], [0, 0, 0, 0]]",-0.3724456008464324
"[[1], [0, 1], [0, 1, 0], [1, 0, 1, 1]]",-1.18713823451481
"[[1], [1, 1], [0, 1, 0], [1, 1, 1, 0]]",-1.5162920885450384
"[[0], [1, 0], [0, 1, 1], [1, 0, 0, 1]]",-1.4213216493732523
"[[0], [1, 1], [0, 1, 0], [0, 0, 1, 1]]",-0.6858721417977143
"[[1], [1, 1], [0, 1, 0], [0, 0, 1, 0]]",1.7367466767316169
"[[0], [1, 0], [0, 1, 1], [0, 0, 1, 0]]",-0.2229025051515351
"[[0], [0, 1], [1, 1, 1], [1, 1, 0, 0]]",-1.2611824205059246
"[[1], [0, 0], [1, 1, 0], [1, 1, 0, 0]]",-1.0016388566321084
"[[1], [1, 1], [0, 1, 0], [0, 1, 0, 1]]",-0.5221297920691294
"[[0], [0, 1], [1, 1, 0], [0, 1, 0, 1]]",-0.23351743032605468
"[[0], [0, 1], [0, 0, 1], [0, 1, 0, 1]]",-0.2759474448469811
"[[0], [1, 0], [1, 1, 0], [1, 1, 1, 0]]",-1.0093666674331636
"[[1], [0, 0], [0, 1, 0], [1, 1, 1, 0]]",-0.9177058074624383
"[[0], [1, 1], [0, 1, 1], [1, 0, 1, 1]]",1.7189003392276505
"[[1], [0, 1], [1, 1, 0], [1, 0, 0, 0]]",3.795952679205188
"[[1], [0, 1], [0, 1, 0], [1, 1, 0, 0]]",-1.4001915338177389
"[[1], [0, 1], [0, 1, 0], [0, 0, 1, 0]]",-1.2674339694670893
"[[0], [0, 0], [0, 1, 1], [0, 0, 1, 0]]",-1.1269460141695606
"[[0], [0, 1], [1, 1, 1], [1, 0, 1, 0]]",0.3837315709408964
"[[0], [0, 1], [1, 0, 0], [0, 1, 0, 1]]",-0.4
"[[1], [1, 0], [1, 1, 1], [1, 0, 0, 0]]",-0.46063311090490466
"[[1], [0, 0], [1, 0, 1], [1, 0, 1, 0]]",-0.536752128352733
"[[0], [1, 1], [0, 0, 0], [1, 0, 1, 0]]",-1.3756000000000002
"[[1], [1, 0], [0, 0, 0], [0, 1, 1, 0]]",5.2353571820506195
"[[0], [1, 0], [0, 1, 1], [1, 1, 0, 0]]",-0.5502236843905823
"[[1], [0, 0], [0, 0, 1], [0, 1, 0, 1]]",-1.534235347351153
"[[0], [0, 0], [1, 1, 1], [1, 0, 0, 0]]",4.853241288911603
"[[0], [1, 0], [0, 1, 1], [0, 0, 0, 0]]",5.6583625057345985
"[[0], [1, 0], [1, 0, 0], [0, 0, 0, 0]]",6.891310509563784
"[[0], [0, 0], [0, 0, 0], [1, 0, 0, 0]]",9.490098218196904
"[[1], [1, 0], [0, 0, 1], [0, 0, 0, 0]]",-0.8604899465061745
"[[1], [0, 1], [1, 0, 1], [0, 0, 0, 1]]",-2.04755
"[[0], [0, 1], [0, 1, 0], [1, 0, 1, 0]]",-0.7293776690584264
"[[1], [1, 0], [1, 0, 1], [1, 0, 1, 0]]",-1.8009600000000001
"[[0], [1, 1], [0, 1, 1], [1, 0, 1, 0]]",-0.31399578125826644
"[[1], [1, 0], [0, 1, 0], [1, 0, 1, 0]]",-0.21493000000000007
"[[0], [0, 0], [1, 1, 0], [1, 0, 1, 0]]",-0.25300000000000006
"[[0], [1, 0], [0, 1, 0], [0, 0, 1, 0]]",-0.30000000000000004
"[[1], [1, 1], [0, 1, 1], [0, 1, 1, 0]]",0.54466986057982
"[[1], [1, 0], [1, 1, 0], [0, 0, 1, 0]]",6.11110199693239
"[[0], [1, 0], [1, 0, 0], [0, 1, 0, 0]]",2.783963708700822
"[[1], [1, 0], [0, 1, 1], [1, 1, 0, 1]]",0.6161122227538309
"[[1], [1, 1], [1, 1, 1], [1, 0, 0, 0]]",-0.5758797674556704
"[[1], [1, 1], [1, 0, 1], [0, 1, 1, 0]]",-0.8884865577706815
"[[0], [1, 0], [1, 0, 0], [1, 0, 0, 0]]",-0.3977469488551642
"[[1], [0, 1], [1, 1, 1], [0, 0, 1, 0]]",-0.6932306728310069
"[[1], [0, 0], [1, 0, 1], [0, 1, 1, 0]]",-0.3107932104940351
"[[1], [0, 0], [1, 0, 1], [0, 0, 0, 1]]",-0.15363820000000006
"[[1], [1, 1], [0, 1, 0], [1, 0, 0, 1]]",-1.3923144018978904
"[[1], [1, 1], [0, 0, 0], [1, 0, 1, 0]]",-1.1695238674865014
"[[0], [1, 1], [0, 1, 1], [0, 1, 0, 0]]",-1.1251289670670548
"[[1], [0, 1], [1, 1, 1], [0, 1, 0, 0]]",-1.2729780960878807
"[[0], [0, 1], [0, 1, 0], [1, 1, 0, 1]]",-0.36192198710765244
"[[0], [0, 1], [0, 1, 0], [0, 0, 1, 1]]",-0.4216121793995709
"[[0], [1, 1], [0, 1, 1], [1, 0, 0, 0]]",0.3531025981426234
"[[1], [0, 1], [1, 1, 0], [0, 0, 1, 1]]",-0.6664882734328721
"[[1], [0, 0], [1, 1, 1], [0, 1, 0, 1]]",-0.9904661136630752
"[[0], [0, 1], [0, 1, 1], [0, 0, 1, 1]]",-0.42541496253938477
"[[0], [0, 1], [1, 1, 1], [1, 0, 0, 0]]",-0.46031338424735735
"[[1], [0, 0], [1, 1, 0], [1, 0, 0, 0]]",-0.2744409394334445
"[[1], [1, 0], [1, 1, 0], [0, 1, 1, 0]]",-0.8440337873889352
"[[0], [1, 1], [0, 1, 0], [1, 0, 1, 0]]",-0.32274360681123215
"[[0], [1, 0], [0, 0, 0], [1, 1, 1, 0]]",-0.3804161031025359
"[[0], [0, 1], [1, 0, 1], [1, 0, 0, 0]]",5.702413023582479
"[[1], [0, 1], [0, 0, 1], [0, 1, 1, 0]]",-0.7563971610152126
"[[0], [1, 1], [1, 1, 1], [1, 0, 0, 0]]",-0.6787746045413078
"[[1], [0, 1], [0, 1, 1], [1, 0, 0, 0]]",-0.6977707027073087
"[[0], [1, 0], [1, 1, 0], [1, 1, 0, 0]]",0.7859564031974784
"[[0], [0, 1], [0, 1, 1], [0, 1, 1, 1]]",-1.1249653992404303
"[[1], [0, 0], [1, 1, 1], [0, 0, 0, 1]]",-0.21493000000000007
"[[1], [0, 1], [1, 1, 0], [0, 0, 0, 0]]",-0.25300000000000006
"[[0], [0, 0], [1, 1, 1], [0, 0, 0, 0]]",-0.30000000000000004
"[[1], [0, 1], [1, 1, 1], [1, 0, 1, 0]]",-1.18757830125
"[[0], [1, 1], [0, 0, 1], [0, 0, 0, 0]]",4.564432639574346
"[[1], [0, 1], [1, 0, 1], [1, 1, 0, 1]]",-1.733332020118976
"[[0], [0, 0], [1, 1, 1], [0, 0, 0, 1]]",-0.16388746842503568
"[[0], [0, 1], [1, 1, 0], [0, 0, 0, 0]]",-0.1899845289197971
"[[0], [1, 0], [0, 1, 0], [1, 1, 0, 1]]",-0.3674155672443094
"[[1], [1, 0], [1, 0, 1], [1, 0, 0, 0]]",-0.6799999999999999
"[[1], [1, 0], [1, 0, 0], [1, 0, 0, 0]]",-0.76
"[[1], [1, 1], [1, 1, 0], [0, 1, 0, 0]]",-0.6854964616126481
"[[0], [1, 0], [0, 1, 1], [0, 0, 1, 1]]",0.3846781682289455
"[[1], [1, 1], [0, 0, 0], [1, 1, 1, 1]]",-1.4020938411410455
"[[1], [1, 0], [0, 1, 0], [1, 0, 1, 1]]",0.9847530736769582
"[[0], [0, 0], [1, 1, 0], [1, 0, 1, 1]]",1.0432236889713713
"[[0], [0, 0], [1, 1, 0], [1, 1, 0, 0]]",1.86912035628543
"[[0], [1, 1], [0, 1, 1], [0, 0, 1, 0]]",3.634994340346754
"[[0], [1, 0], [0, 1, 0], [0, 0, 1, 1]]",4.481893143037825
"[[0], [1, 0], [0, 1, 0], [0, 1, 0, 0]]",5.913237573419685
"[[0], [0, 0], [0, 0, 0], [0, 1, 1, 0]]",7.103567521794598
"[[1], [1, 1], [0, 1, 1], [0, 0, 1, 0]]",-1.057787643657526
"[[0], [0, 1], [1, 1, 1], [0, 0, 1, 0]]",-0.9216014238345183
"[[1], [0, 0], [1, 1, 0], [0, 0, 1, 0]]",-0.5973430465123274
"[[0], [0, 0], [0, 0, 0], [1, 0, 1, 0]]",-0.44480000000000003
"[[0], [1, 0], [0, 1, 0], [0, 1, 0, 1]]",-0.7983227577540248
"[[0], [0, 0], [0, 0, 0], [1, 1, 1, 0]]",-0.5746069515977685
"[[1], [0, 0], [1, 1, 0], [0, 0, 0, 1]]",1.5159024203944778
"[[1], [1, 0], [1, 1, 0], [1, 0, 1, 0]]",-0.36193169846285966
"[[1], [1, 0], [0, 0, 1], [1, 0, 1, 0]]",-0.4232380544826537
"[[0], [0, 0], [0, 0, 0], [0, 0, 0, 1]]",4.0951
"[[0], [1, 1], [0, 1, 0], [0, 1, 0, 0]]",-0.6156166062651636
"[[1], [1, 1], [1, 1, 0], [0, 1, 0, 1]]",0.7805048595290696
"[[1], [0, 1], [1, 1, 0], [1, 1, 0, 0]]",0.9428806043357513
"[[1], [1, 1], [0, 1, 0], [0, 1, 0, 0]]",-0.14626594607962334
"[[0], [0, 1], [1, 1, 0], [0, 1, 0, 0]]",-0.45947786021647596
"[[1], [1, 0], [0, 1, 0], [1, 0, 0, 0]]",-0.27939173321228666
"[[1], [0, 1], [0, 1, 1], [0, 1, 1, 0]]",-0.5209223287423321
"[[1], [1, 1], [1, 1, 1], [0, 0, 0, 0]]",-0.5764166700021447
"[[1], [1, 1], [1, 0, 0], [0, 0, 0, 0]]",-0.5155619226631258
"[[0], [1, 0], [0, 0, 1], [1, 0, 1, 0]]",-0.76
"[[1], [0, 0], [1, 1, 0], [1, 0, 1, 0]]",-0.35450318044000007
"[[0], [0, 1], [0, 1, 0], [1, 0, 1, 1]]",-0.34375600000000006
"[[1], [1, 1], [0, 1, 0], [0, 0, 1, 1]]",1.4743500658859288
"[[1], [1, 1], [0, 1, 1], [1, 0, 0, 0]]",-0.3301248639095166
"[[0], [0, 0], [1, 1, 1], [0, 1, 0, 1]]",-0.34356851751751755
"[[1], [1, 1], [0, 1, 0], [1, 1, 0, 0]]",2.5898812855734574
"[[1], [0, 0], [0, 1, 1], [0, 1, 0, 1]]",-0.3408400000000001
"[[0], [1, 0], [0, 1, 1], [1, 0, 0, 0]]",-0.3640901721266301
"[[1], [1, 0], [1, 0, 0], [0, 1, 1, 0]]",-0.47295089074849284
"[[0], [1, 1], [0, 1, 0], [1, 0, 1, 1]]",-0.5797001081747611
"[[0], [0, 0], [1, 1, 1], [1, 1, 0, 0]]",3.2009137105250747
"[[0], [1, 0], [0, 1, 1], [0, 1, 0, 0]]",3.8447431328585857
"[[1], [1, 1], [1, 1, 0], [0, 0, 0, 1]]",0.17522794797624852
"[[0], [1, 0], [1, 1, 0], [0, 0, 1, 1]]",0.44807498652950445
"[[0], [1, 0], [1, 1, 0], [0, 1, 0, 0]]",0.5655246747277831
"[[0], [0, 0], [0, 1, 0], [1, 1, 0, 0]]",0.7105242897873865
"[[0], [0, 0], [0, 1, 0], [0, 0, 1, 0]]",0.8895361602313413
"[[0], [1, 1], [1, 0, 1], [0, 0, 0, 0]]",-0.4826780709013311
"[[0], [1, 0], [1, 1, 0], [1, 0, 0, 1]]",-0.6895744387419718
"[[1], [0, 1], [1, 1, 0], [0, 1, 0, 0]]",-0.40003575963674703
"[[0], [1, 0], [1, 1, 0], [0, 0, 1, 0]]",-0.1552906558
"[[0], [0, 0], [0, 1, 0], [1, 0, 1, 0]]",-0.17937118000000002
"[[1], [1, 1], [0, 1, 0], [1, 0, 1, 0]]",1.2699890288808555
"[[0], [0, 0], [0, 1, 0], [1, 1, 0, 1]]",-0.27999746075506515
"[[1], [0, 1], [1, 0, 1], [0, 1, 0, 1]]",-1.02336
"[[1], [0, 0], [1, 0, 1], [1, 0, 0, 0]]",-0.22277010292472085
"[[0], [0, 0], [0, 1, 0], [1, 0, 1, 1]]",-0.27999612978976546
"[[1], [1, 0], [1, 0, 0], [0, 0, 0, 0]]",-0.433062592983545
"[[1], [0, 0], [1, 1, 1], [1, 0, 1, 0]]",-0.2975921123369051
"[[1], [1, 0], [0, 1, 1], [0, 0, 1, 0]]",-0.16102398623192374
"[[1], [0, 1], [0, 1, 1], [0, 0, 0, 1]]",-0.19319776374698996
"[[1], [0, 1], [1, 1, 0], [0, 1, 0, 1]]",-0.3324144855350124
"[[1], [1, 0], [1, 1, 0], [0, 0, 0, 1]]",-0.239813130374351
"[[0], [1, 0], [0, 1, 0], [1, 0, 1, 1]]",-0.057770538187348744
"[[0], [1, 0], [0, 1, 0], [1, 1, 0, 0]]",-0.06638338047820833
"[[1], [1, 0], [1, 1, 0], [1, 0, 0, 0]]",-0.2545313103814118
